,latitude
0,17.461252
1,19.1541986
2,17.451523
3,17.4472685
4,17.4600978
5,17.3942627
6,17.3948624
7,16.449897
8,18.0823869
9,17.451523
10,17.4029622
11,17.451523
12,17.6339929
13,17.46565735
14,17.6788421
15,17.4535469
16,17.50679
17,17.6788421
18,17.5163573
19,17.4408578
20,0.0
21,17.4981608
22,17.4834027
23,17.4436222
24,17.515397
25,17.5163573
26,17.4258278
27,0.0
28,17.4930841
29,17.5022292
30,18.0823869
31,17.6788421
32,17.5271759
33,17.4308362
34,17.4917948
35,17.4436222
36,17.3948624
37,17.3506317
38,65.0563891
39,0.0
40,17.451523
41,17.4872976
42,17.3948624
43,17.4177464
44,17.50679
45,17.4930841
46,17.45121
47,17.46565735
48,18.0191012
49,0.0
50,17.4834027
51,17.5163573
52,17.4981608
53,17.3948624
54,17.4057955
55,17.4177464
56,17.4981608
57,17.4522594
58,17.451523
59,17.451523
60,17.3948624
61,16.449897
62,16.449897
63,16.449897
64,17.4258278
65,17.5043618
66,17.4258278
67,17.515397
68,17.5186631
69,17.5410548
70,17.39999505
71,0.0
72,17.3948624
73,12.8722856
74,17.4440199
75,0.0
76,17.451523
77,0.0
78,17.5284576
79,17.4546432
80,17.4454293
81,17.6788421
82,17.4685307
83,16.449897
84,17.50679
85,17.515397
86,17.4436222
87,17.4440199
88,22.1041221
89,17.4872976
90,17.451523
91,17.3926121
92,17.4930841
93,17.3775306
94,17.4057955
95,17.3948624
96,17.3948624
97,17.5163573
98,0.0
99,17.6788421
100,17.8231821
101,17.6788421
102,17.4440199
103,18.0191012
104,17.5038613
105,0.0
106,0.0
107,17.6788421
108,17.436614
109,17.46565735
110,17.451523
111,17.4308362
112,17.6788421
113,17.4440199
114,17.4930841
115,17.4258278
116,0.0
117,17.3942627
118,17.39004015
119,17.4285479
120,18.7366115
121,17.5187944
122,17.5022292
123,65.0563891
124,17.6788421
125,17.4981608
126,12.52720555
127,17.3303179
128,17.4511764
129,17.4981608
130,18.0191012
131,6.4318831
132,17.6788421
133,17.3948624
134,18.1609088
135,17.3948624
136,16.449897
137,17.515397
138,17.4774828
139,17.6788421
140,17.5284576
141,17.451523
142,17.515397
143,17.3942627
144,17.373017
145,17.46565735
146,17.4511764
147,17.4177464
148,17.4981608
149,17.4535469
150,17.3942627
151,17.4930841
152,17.4258278
153,17.4177464
154,17.4258278
155,17.5271759
156,16.449897
157,16.449897
158,17.6788421
159,17.451523
160,17.3948624
161,17.4774828
162,0.0
163,17.7776835
164,17.4685307
165,17.4665153
166,17.3995625
167,0.0
168,18.0191012
169,65.0563891
170,17.4057955
171,16.449897
172,29.3547048
173,17.5284576
174,17.4258278
175,65.0563891
176,17.4308362
177,17.4436222
178,0.0
179,0.0
180,0.0
181,17.4930841
182,17.4930841
183,17.50679
184,17.3410061
185,17.3775306
186,17.5163573
187,17.4981608
188,17.3636816
189,17.4436222
190,0.0
191,17.4981608
192,17.4930841
193,17.4930841
194,17.5410548
195,17.4039678
196,17.515397
197,17.4930841
198,17.4981608
199,17.3948624
200,0.0
201,17.390263150000003
202,6.4318831
203,17.5271759
204,17.6788421
205,17.6788421
206,17.4308362
207,17.46565735
208,16.449897
209,17.4436222
210,18.9898611
211,17.4436222
212,17.3847673
213,17.46565735
214,17.5271759
215,17.515397
216,17.4255053
217,17.4440199
218,17.3775306
219,17.3948624
220,17.4255053
221,0.0
222,17.451523
223,17.451523
224,17.4930841
225,17.4436222
226,17.5284576
227,17.4930841
228,17.451523
229,16.449897
230,17.4308362
231,17.5022292
232,17.46565735
233,17.50679
234,17.6788421
235,17.6788421
236,17.4981608
237,17.4046565
238,16.449897
239,58.4804569
240,17.4256007
241,6.4318831
242,18.0018724
243,17.5410548
244,17.6788421
245,17.4440199
246,17.4545079
247,17.2601779
248,17.373017
249,17.4511764
250,18.0191012
251,0.0
252,17.4774828
253,17.4545079
254,17.46565735
255,18.0191012
256,17.4935675
257,17.4039678
258,17.4545079
259,17.5410548
260,17.360589
261,18.9898611
262,17.5284576
263,17.515397
264,17.4930841
265,17.6788421
266,18.9898611
267,17.50679
268,15.9753367
269,17.3948624
270,17.3948624
271,17.3847673
272,17.39999505
273,17.515397
274,17.5286092
275,17.4258278
276,17.4939602
277,17.6788421
278,17.5284576
279,17.4930841
280,18.0191012
281,17.5271759
282,17.39999505
283,17.5022292
284,17.4930841
285,17.6788421
286,16.449897
287,17.4930841
288,33.6290111
289,17.6788421
290,17.5284576
291,17.39999505
292,17.3501617
293,17.5284576
294,17.3942627
295,17.3940158
296,17.4436222
297,17.4440199
298,17.4665153
299,16.449897
300,0.0
301,17.4511764
302,17.4177464
303,12.8722856
304,18.0191012
305,17.5163573
306,17.451523
307,17.3847673
308,18.0191012
309,16.449897
310,0.0
311,17.4440199
312,17.3915525
313,0.0
314,17.5022292
315,16.449897
316,17.374360600000003
317,0.0
318,0.0
319,17.4258278
320,17.3948624
321,17.4535469
322,17.39999505
323,17.3948624
324,17.46565735
325,17.4177464
326,17.3948624
327,17.4405369
328,0.0
329,17.3975005
330,17.4981608
331,31.4197963
332,17.4930841
333,17.4755371
334,16.449897
335,17.515397
336,17.4774828
337,17.6788421
338,0.0
339,17.5284576
340,31.4197963
341,17.5284576
342,17.4841072
343,17.50679
344,17.4177464
345,17.4511764
346,17.41526
347,17.6788421
348,17.46565735
349,17.6788421
350,17.4408578
351,17.4535469
352,18.0191012
353,17.4436222
354,17.4405369
355,17.46565735
356,17.5410548
357,17.515397
358,0.0
359,18.9898611
360,17.45121
361,17.39999505
362,17.3392402
363,17.3775306
364,17.4930841
365,17.4258278
366,17.515397
367,17.4930841
368,17.451523
369,15.9753367
370,17.5271759
371,17.5410548
372,17.515397
373,17.4285479
374,16.449897
375,0.0
376,17.374360600000003
377,18.0191012
378,17.4255053
379,17.4029622
380,17.5163573
381,17.5286092
382,17.3915525
383,17.515397
384,17.3847673
385,17.4930841
386,17.5271759
387,17.6788421
388,17.5083929
389,17.5271759
390,17.4511764
391,17.3975005
392,33.6290111
393,17.515397
394,16.449897
395,6.4318831
396,17.4408578
397,0.0
398,17.4798689
399,17.5410548
400,17.4981608
401,17.6788421
402,0.0
403,17.46565735
404,17.4522594
405,17.4535469
406,17.451523
407,17.6788421
408,18.9898611
409,17.6788421
410,17.46565735
411,17.515397
412,17.4917948
413,17.4535469
414,17.4930841
415,17.5038613
416,65.0563891
417,17.2356174
418,17.6788421
419,17.6788421
420,17.4930841
421,17.3768805
422,16.449897
423,17.4930841
424,16.449897
425,29.3547048
426,17.4436222
427,17.4454293
428,17.4930841
429,17.4930841
430,17.374360600000003
431,17.50679
432,17.4408578
433,17.4308362
434,17.3233363
435,17.4285479
436,17.451523
437,17.4685307
438,6.4318831
439,17.4930841
440,31.4197963
441,18.0823869
442,17.4917948
443,17.50679
444,17.39999505
445,0.0
446,17.3398864
447,17.50679
448,17.5410548
449,44.3730577
450,12.52720555
451,17.3501617
452,17.3948624
453,17.5163573
454,17.6788421
455,17.5022292
456,17.4436222
457,17.39004015
458,17.5022292
459,17.3506317
460,17.4930841
461,17.4308362
462,17.5410548
463,0.0
464,17.5043618
465,0.0
466,17.5410548
467,17.3981159
468,30.9210023
469,17.5271759
470,17.39999505
471,0.0
472,17.3775306
473,17.4872976
474,17.4258278
475,17.6788421
476,16.449897
477,18.0191012
478,17.39999505
479,22.1041221
480,17.4930841
481,17.4177464
482,17.390263150000003
483,17.4930841
484,17.515397
485,17.5248934
486,17.5286092
487,17.3948624
488,28.5244107
489,29.3547048
490,17.4436222
491,17.45121
492,17.4177464
493,17.4892154
494,17.451523
495,18.0191012
496,17.451523
497,17.6788421
498,0.0
499,17.515397
500,17.6788421
501,17.4308362
502,17.8231821
503,18.0823869
504,17.3975005
505,17.4308362
506,31.4197963
507,17.4177464
508,17.451523
509,17.5163573
510,17.39999505
511,17.5022292
512,17.4981608
513,17.4029622
514,17.4436222
515,17.4511764
516,17.6788421
517,17.4308362
518,18.0191012
519,18.0018724
520,6.4318831
521,18.0191012
522,17.3995282
523,18.0018724
524,17.4930841
525,17.373017
526,17.5038613
527,17.4440199
528,17.4930841
529,17.46565735
530,17.39999505
531,17.5022292
532,17.4668161
533,17.4177464
534,17.4078455
535,18.0191012
536,17.4308362
537,17.46565735
538,17.4930841
539,17.515397
540,17.4930841
541,17.5030543
542,18.0191012
543,17.4981608
544,17.50679
545,0.0
546,17.451523
547,16.449897
548,17.451523
549,17.4436222
550,17.5410548
551,18.9898611
552,17.4511764
553,17.4930841
554,17.4258278
555,17.4177464
556,17.45121
557,17.5163573
558,17.4436222
559,17.4436222
560,17.3506317
561,17.39004015
562,17.46565735
563,16.449897
564,17.39999505
565,6.4318831
566,17.5271759
567,17.4930841
568,17.4258278
569,17.4522594
570,17.4440199
571,17.4981608
572,17.4436222
573,17.6788421
574,17.4930841
575,65.0563891
576,17.3506317
577,17.4774828
578,17.50679
579,17.5163573
580,19.0552645
581,17.50679
582,17.6788421
583,0.0
584,17.4120783
585,17.5284576
586,17.50679
587,17.4177464
588,17.4930841
589,17.8231821
590,17.4063352
591,18.0191012
592,16.449897
593,25.6030053
594,17.4436222
595,17.5271759
596,17.5163573
597,17.4892154
598,18.0191012
599,0.0
600,16.449897
601,17.5186631
602,17.6788421
603,17.6788421
604,6.4318831
605,17.4930841
606,0.0
607,17.4930841
608,17.39004015
609,17.4308362
610,17.451523
611,17.373017
612,17.3506317
613,17.3847673
614,17.39999505
615,0.0
616,17.4258278
617,17.6788421
618,17.3506317
619,17.46565735
620,17.4930841
621,17.4177464
622,17.50679
623,17.3847673
624,17.4031398
625,17.5284576
626,17.515397
627,17.4930841
628,17.4917948
629,17.4798689
630,17.4981608
631,17.5271759
632,17.5410548
633,17.39999505
634,18.0018724
635,19.1541986
636,17.4981608
637,17.5116535
638,17.3847673
639,17.39999505
640,17.46565735
641,18.0823869
642,17.4469418
643,28.657859
644,17.4436222
645,17.4535469
646,17.5163573
647,17.5271759
648,17.4930841
649,17.5330679
650,17.6788421
651,6.4318831
652,22.1041221
653,17.39999505
654,17.4200755
655,17.4930841
656,17.4405369
657,0.0
658,17.4258278
659,0.0
660,17.5022292
661,17.515397
662,17.4930841
663,17.4981608
664,17.6788421
665,17.4930841
666,17.4872976
667,16.449897
668,16.449897
669,16.449897
670,0.0
671,17.3948624
672,17.3351206
673,17.4436222
674,17.4436222
675,17.4668161
676,17.3948624
677,17.451523
678,17.5286092
679,17.5271759
680,17.4981608
681,19.1541986
682,17.451523
683,17.4308362
684,17.6788421
685,17.50679
686,29.3547048
687,17.4930841
688,18.0018724
689,17.4685307
690,17.6788421
691,17.4020016
692,17.4930841
693,0.0
694,17.4511764
695,17.4078455
696,6.4318831
697,17.4522594
698,0.0
699,17.5286092
700,17.4930841
701,0.0
702,17.4981608
703,17.5271759
704,17.4930841
705,17.451523
706,16.449897
707,18.0191012
708,17.4774828
709,17.451523
710,17.4405369
711,0.0
712,17.4981608
713,17.4930841
714,17.3847673
715,17.4981608
716,17.3948624
717,17.3975005
718,0.0
719,17.4436222
720,17.4440199
721,18.0191012
722,17.517411
723,16.449897
724,17.3847673
725,17.515397
726,17.6788421
727,17.515397
728,19.1541986
729,17.4798576
730,17.4256007
731,17.3664976
732,18.0191012
733,17.4177464
734,17.4177464
735,17.6788421
736,17.3942627
737,0.0
738,17.451523
739,17.4405369
740,17.5284576
741,17.3948624
742,17.515397
743,17.3775306
744,16.449897
745,17.6788421
746,17.5083929
747,17.4053896
748,17.4930841
749,17.515397
750,0.0
751,17.4436222
752,17.4981608
753,17.6788421
754,6.4318831
755,22.1041221
756,17.4408578
757,20.7326962
758,17.4939602
759,17.3948624
760,17.3775306
761,17.5163573
762,17.4981608
763,17.4258278
764,12.8722856
765,17.39999505
766,17.50679
767,17.50679
768,6.4318831
769,17.4981608
770,17.515397
771,18.0191012
772,42.6571059
773,17.373017
774,17.6788421
775,17.4981608
776,17.5284576
777,0.0
778,17.6788421
779,17.4535469
780,17.4930841
781,17.4436222
782,17.4930841
783,65.0563891
784,22.1041221
785,0.0
786,17.4755371
787,17.4930841
788,17.4981608
789,17.515397
790,17.4285479
791,17.6788421
792,17.4200755
793,17.373017
794,17.451523
795,0.0
796,17.6788421
797,17.4981608
798,17.4408578
799,17.46565735
800,40.7076681
801,17.54970955
802,17.4200755
803,65.0563891
804,65.0563891
805,0.0
806,0.0
807,16.449897
808,17.4930841
809,19.6443508
810,17.6788421
811,17.4408578
812,17.4057955
813,17.4535469
814,17.5286092
815,18.0018724
816,17.4930841
817,17.4258278
818,17.3768805
819,17.46565735
820,17.5330679
821,17.3926121
822,17.4522594
823,17.451523
824,17.6788421
825,0.0
826,18.0191012
827,17.5163573
828,17.39999505
829,29.1539372
830,17.4535469
831,0.0
832,17.4200755
833,17.4543363
834,18.0191012
835,16.449897
836,17.4930841
837,17.4177464
838,17.45121
839,17.4255053
840,17.3768805
841,15.9753367
842,0.0
843,17.39999505
844,17.4080204
845,31.4197963
846,17.4930841
847,31.4197963
848,17.46565735
849,17.4436222
850,16.449897
851,17.6788421
852,17.4930841
853,18.0191012
854,17.5163573
855,17.4981608
856,17.451523
857,17.4436222
858,17.4981608
859,16.449897
860,17.3959752
861,17.50679
862,17.4258278
863,17.5284576
864,17.3995625
865,17.4930841
866,17.5200154
867,17.4930841
868,17.4256007
869,17.4872976
870,17.4436222
871,0.0
872,17.6788421
873,17.4685307
874,31.4197963
875,17.515397
876,17.4535469
877,17.4930841
878,17.6788421
879,17.4408578
880,17.4755371
881,17.4872976
882,17.4917948
883,16.449897
884,17.5163573
885,17.3948624
886,17.4981608
887,6.4318831
888,26.40349795
889,18.0823869
890,17.6788421
891,17.46565735
892,18.9898611
893,6.4318831
894,17.374360600000003
895,17.4939602
896,17.4511764
897,17.50679
898,17.5410548
899,17.4774828
900,16.449897
901,16.449897
902,18.0191012
903,17.4436222
904,17.39004015
905,17.3948624
906,17.515397
907,17.5284576
908,17.6788421
909,17.4454293
910,0.0
911,17.451523
912,18.0191012
913,17.50679
914,0.0
915,30.0783042
916,17.515397
917,17.4930841
918,17.515397
919,17.4057955
920,17.5186631
921,17.515397
922,17.50679
923,17.4177464
924,17.4522594
925,16.449897
926,17.5163573
927,17.4892154
928,0.0
929,13.0400731
930,17.3847673
931,0.0
932,26.396695
933,17.4930841
934,17.3501617
935,17.35891075
936,17.5271759
937,17.5284576
938,17.4057955
939,0.0
940,17.3948624
941,17.4930841
942,17.4825451
943,17.5163573
944,17.4930841
945,17.4408578
946,17.4872976
947,17.4057955
948,17.4774828
949,17.3948624
950,17.46565735
951,29.3547048
952,17.4535469
953,17.50679
954,17.451523
955,17.5284576
956,17.4930841
957,18.0191012
958,17.4393223
959,18.0823869
960,15.9753367
961,0.0
962,17.46395425
963,6.4318831
964,17.4755371
965,17.4436222
966,17.5271759
967,0.0
968,31.4197963
969,17.4308362
970,17.451523
971,17.39999505
972,0.0
973,17.6788421
974,17.4469418
975,17.5284576
976,17.6788421
977,17.3948624
978,31.4197963
979,17.5114004
980,17.4981608
981,16.449897
982,17.4308362
983,17.4981608
984,17.4258278
985,17.6788421
986,6.4318831
987,17.4440199
988,6.4318831
989,16.449897
990,17.515397
991,17.4258278
992,17.3948624
993,16.449897
994,17.6788421
995,17.4872976
996,17.39999505
997,17.3948624
998,6.4318831
999,17.4930841
1000,0.0
1001,17.4308362
1002,6.4318831
1003,17.4177464
1004,0.0
1005,16.449897
1006,17.4535469
1007,17.4774828
1008,17.3942627
1009,17.5271759
1010,17.39999505
1011,16.449897
1012,16.449897
1013,17.515397
1014,31.4197963
1015,17.5410548
1016,0.0
1017,16.449897
1018,17.515397
1019,17.4930841
1020,17.50679
1021,17.4408578
1022,17.4436222
1023,17.4408578
1024,17.4535469
1025,18.0191012
1026,17.4981608
1027,17.3948624
1028,18.1609088
1029,17.4436222
1030,15.9753367
1031,17.515397
1032,18.4346438
1033,17.451523
1034,18.0823869
1035,17.50679
1036,17.6788421
1037,17.6788421
1038,17.4798689
1039,17.4436222
1040,17.374360600000003
1041,18.9898611
1042,17.50679
1043,17.5286092
1044,17.4981608
1045,13.0400731
1046,17.4774828
1047,17.4258278
1048,17.4522594
1049,17.5022292
1050,17.515397
1051,17.50679
1052,17.4774828
1053,17.6788421
1054,22.1041221
1055,17.515397
1056,17.5284576
1057,17.4981608
1058,17.4308362
1059,17.3995282
1060,16.449897
1061,17.4930841
1062,17.4285479
1063,16.3492667
1064,17.3948624
1065,17.515397
1066,17.0671702
1067,17.3915525
1068,17.4057955
1069,6.4318831
1070,17.4308362
1071,17.5271759
1072,17.4436222
1073,18.9898611
1074,17.6788421
1075,16.449897
1076,17.4522594
1077,13.0400731
1078,17.3775306
1079,17.5163573
1080,17.46565735
1081,17.4535469
1082,17.4408578
1083,17.4545079
1084,17.4872976
1085,17.4930841
1086,16.449897
1087,16.449897
1088,17.7776835
1089,17.4258278
1090,17.4981608
1091,17.4057955
1092,16.449897
1093,17.4154761
1094,17.3847673
1095,18.0191012
1096,0.0
1097,17.4436222
1098,17.6788421
1099,17.4930841
1100,17.515397
1101,17.6788421
1102,17.46565735
1103,0.0
1104,18.0191012
1105,17.4930841
1106,17.5271759
1107,17.46565735
1108,17.515397
1109,17.3948624
1110,17.3948624
1111,0.0
1112,17.41526
1113,17.4535469
1114,17.5286092
1115,17.39999505
1116,17.39004015
1117,17.4408578
1118,0.0
1119,17.4469418
1120,6.4318831
1121,17.4440199
1122,17.4930841
1123,18.0018724
1124,19.1541986
1125,31.4197963
1126,17.6788421
1127,17.5163573
1128,17.5022292
1129,17.4930841
1130,17.4930841
1131,17.6788421
1132,17.35891075
1133,18.0823869
1134,17.39999505
1135,17.451523
1136,17.5284576
1137,17.4177464
1138,17.3975005
1139,17.4436222
1140,17.4308362
1141,16.449897
1142,17.4930841
1143,17.4258278
1144,26.396695
1145,17.3847673
1146,17.4930841
1147,18.0018724
1148,33.6290111
1149,29.9537495
1150,17.5163573
1151,17.3506317
1152,0.0
1153,17.4774828
1154,17.4892154
1155,17.4408578
1156,17.50679
1157,17.4774828
1158,6.4318831
1159,17.4511764
1160,18.0191012
1161,17.3501617
1162,17.3948624
1163,17.515397
1164,17.5410548
1165,17.37399515
1166,17.4408578
1167,6.4318831
1168,16.449897
1169,17.5163573
1170,17.4405369
1171,17.4892154
1172,0.0
1173,17.451523
1174,17.4039678
1175,17.4511764
1176,17.39004015
1177,16.449897
1178,17.5284576
1179,17.4258278
1180,17.5163573
1181,17.515397
1182,13.0400731
1183,17.517411
1184,17.4981608
1185,6.4318831
1186,17.4872976
1187,17.515397
1188,17.6788421
1189,17.4930841
1190,17.3948624
1191,18.0018724
1192,17.3506317
1193,17.515397
1194,17.4177464
1195,17.39999505
1196,16.449897
1197,17.451523
1198,17.46565735
1199,17.4285479
1200,17.5441251
1201,6.4318831
1202,0.0
1203,17.4930841
1204,17.5200154
1205,17.5022292
1206,17.5042727
1207,17.5330679
1208,17.39004015
1209,17.3775306
1210,17.4930841
1211,31.4197963
1212,12.8722856
1213,17.4930841
1214,17.4930841
1215,17.5163573
1216,18.0191012
1217,17.5163573
1218,17.6788421
1219,17.4535469
1220,16.449897
1221,17.4652946
1222,17.4258278
1223,17.4798689
1224,17.4535469
1225,17.4469418
1226,17.5410548
1227,17.5284576
1228,17.6788421
1229,17.4436222
1230,17.4436222
1231,17.4140574
1232,17.3506317
1233,17.5271759
1234,17.4930841
1235,0.0
1236,17.4930841
1237,17.451523
1238,17.4930841
1239,17.4405369
1240,16.449897
1241,17.4140574
1242,17.50679
1243,17.470446
1244,17.39999505
1245,6.4318831
1246,0.0
1247,17.6788421
1248,17.6788421
1249,17.4930841
1250,18.9898611
1251,17.3501617
1252,17.3948624
1253,17.50679
1254,17.45121
1255,17.39999505
1256,17.50679
1257,18.0823869
1258,17.50679
1259,17.4522594
1260,17.4258278
1261,26.396695
1262,22.1041221
1263,17.3506317
1264,17.4469418
1265,17.515397
1266,17.373017
1267,26.8785054
1268,0.0
1269,17.3948624
1270,17.45121
1271,17.46565735
1272,17.5410548
1273,6.4318831
1274,17.5030543
1275,17.4535469
1276,17.4930841
1277,13.0400731
1278,17.4308362
1279,22.1041221
1280,17.515397
1281,17.4177464
1282,17.3768805
1283,17.5186631
1284,17.515397
1285,17.5030543
1286,17.7776835
1287,6.4318831
1288,17.39999505
1289,17.4930841
1290,17.4154761
1291,17.4981608
1292,17.6788421
1293,17.3768805
1294,16.449897
1295,17.5271759
1296,17.4522594
1297,17.4258278
1298,17.4436222
1299,17.4408578
1300,17.515397
1301,17.39999505
1302,17.4258278
1303,17.3501617
1304,17.4255053
1305,17.50679
1306,0.0
1307,18.0191012
1308,17.3942627
1309,17.4930841
1310,15.9753367
1311,17.4981608
1312,17.4177464
1313,17.6788421
1314,17.451523
1315,17.5330679
1316,17.4408578
1317,17.4258278
1318,17.4930841
1319,17.5163573
1320,17.4258278
1321,17.4535469
1322,17.4939602
1323,17.4177464
1324,17.5284576
1325,17.45121
1326,17.515397
1327,17.4930841
1328,17.515397
1329,17.4469418
1330,17.4405369
1331,17.451523
1332,17.39999505
1333,17.4469418
1334,17.4917948
1335,6.4318831
1336,17.6788421
1337,17.3501617
1338,17.4154761
1339,17.4436222
1340,18.9898611
1341,18.0823869
1342,6.4318831
1343,17.3948624
1344,16.449897
1345,17.4511764
1346,0.0
1347,30.9210023
1348,0.0
1349,17.515397
1350,17.5284576
1351,17.4436222
1352,17.4408578
1353,17.5271759
1354,0.0
1355,17.4408578
1356,17.4930841
1357,17.4200755
1358,17.4774828
1359,17.4774828
1360,17.4930841
1361,17.4405369
1362,17.4436222
1363,17.5286092
1364,17.4436222
1365,17.3775306
1366,17.4436222
1367,17.5022292
1368,17.4535469
1369,0.0
1370,16.449897
1371,17.3948624
1372,17.4917948
1373,18.0191012
1374,19.3216024
1375,17.4535469
1376,17.4981608
1377,17.4255053
1378,0.0
1379,17.4308362
1380,17.4930841
1381,17.515397
1382,17.5271759
1383,0.0
1384,17.39999505
1385,17.515397
1386,16.449897
1387,25.6058874
1388,17.4436222
1389,17.4930841
1390,31.4197963
1391,0.0
1392,17.45121
1393,6.4318831
1394,17.6788421
1395,17.4930841
1396,17.4154761
1397,17.4511764
1398,17.3948624
1399,6.4318831
1400,17.5022292
1401,0.0
1402,17.4981608
1403,17.5271759
1404,17.4436222
1405,17.5284576
1406,17.8231821
1407,17.4981608
1408,16.449897
1409,17.4774828
1410,17.451523
1411,16.449897
1412,18.0191012
1413,17.4892154
1414,17.4946328
1415,17.4930841
1416,17.46565735
1417,17.451523
1418,31.4197963
1419,17.3303179
1420,17.5163573
1421,16.449897
1422,17.541791
1423,0.0
1424,17.4872976
1425,17.6788421
1426,17.4440199
1427,17.4285479
1428,17.0671702
1429,17.5271759
1430,16.449897
1431,22.1041221
1432,6.4318831
1433,17.41526
1434,6.4318831
1435,17.3948624
1436,17.451523
1437,17.50679
1438,17.515397
1439,17.4469418
1440,17.4078455
1441,17.4405369
1442,17.451523
1443,17.4930841
1444,6.4318831
1445,17.4469418
1446,17.5163573
1447,17.4405369
1448,18.9898611
1449,17.3501617
1450,17.451523
1451,0.0
1452,17.39999505
1453,17.5286092
1454,17.373017
1455,17.4258278
1456,17.50679
1457,18.9898611
1458,17.3847673
1459,30.9210023
1460,17.2611444
1461,18.0018724
1462,17.4177464
1463,16.449897
1464,17.8231821
1465,65.0563891
1466,17.3501617
1467,17.6788421
1468,17.5163573
1469,17.5284576
1470,17.3541765
1471,12.8722856
1472,17.4258278
1473,13.0400731
1474,18.0823869
1475,17.4177464
1476,17.515397
1477,17.4981608
1478,17.515397
1479,17.4308362
1480,17.4755371
1481,6.4318831
1482,17.4039678
1483,17.4981608
1484,17.4436222
1485,17.515397
1486,17.451523
1487,17.4469418
1488,17.515397
1489,0.0
1490,17.451523
1491,0.0
1492,0.0
1493,17.4981608
1494,17.4405369
1495,17.4981608
1496,65.0563891
1497,17.4981608
1498,17.4535469
1499,17.4436222
1500,17.4774828
1501,65.0563891
1502,17.4258278
1503,17.451523
1504,17.5163573
1505,17.4511764
1506,0.0
1507,17.4436222
1508,18.0191012
1509,17.6788421
1510,17.0887885
1511,17.4436222
1512,17.5410548
1513,17.5271759
1514,17.5284576
1515,18.0191012
1516,17.4930841
1517,17.4002904
1518,0.0
1519,17.4154761
1520,0.0
1521,17.6788421
1522,17.4930841
1523,17.3410061
1524,17.4080204
1525,17.3200218
1526,17.50679
1527,17.6788421
1528,17.5284576
1529,16.449897
1530,17.4177464
1531,17.5163573
1532,17.4511764
1533,0.0
1534,17.4522594
1535,17.4436222
1536,18.0191012
1537,17.5271759
1538,17.4078455
1539,18.0191012
1540,18.0018724
1541,17.3940158
1542,18.0191012
1543,16.449897
1544,17.5284576
1545,17.4930841
1546,17.5286092
1547,17.45121
1548,17.4436222
1549,17.4057955
1550,17.4057955
1551,17.3948624
1552,17.5284576
1553,17.6788421
1554,17.4930841
1555,17.4930841
1556,16.449897
1557,31.4197963
1558,17.6339929
1559,17.4511764
1560,17.4930841
1561,18.9898611
1562,17.4981608
1563,17.5200154
1564,17.4981608
1565,17.515397
1566,17.4692923
1567,17.50679
1568,17.515397
1569,17.4685307
1570,17.4981608
1571,16.449897
1572,17.515397
1573,14.02438
1574,17.4405369
1575,17.46565735
1576,22.1041221
1577,17.4930841
1578,17.4535469
1579,17.4436222
1580,0.0
1581,16.1952749
1582,17.4545079
1583,17.4308362
1584,17.451523
1585,17.39999505
1586,17.3775306
1587,17.50679
1588,17.4774828
1589,17.4930841
1590,17.50679
1591,17.4285479
1592,31.4197963
1593,17.4930841
1594,0.0
1595,17.3948624
1596,17.5284576
1597,17.515397
1598,17.4258278
1599,17.4825451
1600,17.4535469
1601,0.0
1602,17.6788421
1603,0.0
1604,17.4981608
1605,17.4255053
1606,17.5271759
1607,0.0
1608,17.4308362
1609,17.6788421
1610,17.5410548
1611,17.4872976
1612,17.3948624
1613,17.515397
1614,17.4535469
1615,17.4981608
1616,17.451523
1617,16.449897
1618,17.4917948
1619,0.0
1620,17.6788421
1621,17.515397
1622,17.4469418
1623,17.4408578
1624,16.449897
1625,18.0191012
1626,17.4436222
1627,17.3948624
1628,17.3942627
1629,17.4930841
1630,17.4774828
1631,17.6788421
1632,17.515397
1633,17.5271759
1634,17.39004015
1635,17.5022292
1636,17.6788421
1637,17.39999505
1638,17.6788421
1639,17.4930841
1640,0.0
1641,17.50679
1642,17.4930841
1643,16.449897
1644,17.4930841
1645,16.449897
1646,17.4930841
1647,17.451523
1648,17.3948624
1649,17.4930841
1650,17.4308362
1651,17.45121
1652,17.6788421
1653,17.6788421
1654,17.515397
1655,0.0
1656,17.4436222
1657,0.0
1658,17.6788421
1659,17.50679
1660,17.5284576
1661,17.4825451
1662,17.3948624
1663,17.6788421
1664,17.515397
1665,17.451523
1666,17.4177464
1667,16.449897
1668,17.4685307
1669,17.4774828
1670,0.0
1671,17.4436222
1672,17.4436222
1673,17.4177464
1674,17.451523
1675,17.6788421
1676,17.4930841
1677,15.9753367
1678,0.0
1679,17.50679
1680,0.0
1681,0.0
1682,18.0191012
1683,17.5410548
1684,0.0
1685,17.4930841
1686,17.374360600000003
1687,17.5030543
1688,18.0823869
1689,17.4436222
1690,17.6788421
1691,17.4505553
1692,17.4930841
1693,18.0018724
1694,17.4892154
1695,17.35891075
1696,17.5200154
1697,17.3775306
1698,17.515397
1699,0.0
1700,17.4408578
1701,17.4981608
1702,17.4177464
1703,17.4930841
1704,17.3698749
1705,17.6788421
1706,17.4308362
1707,18.0018724
1708,17.4258278
1709,16.449897
1710,17.3768805
1711,17.4892154
1712,17.50679
1713,17.4200755
1714,17.5284576
1715,17.4258278
1716,17.3501617
1717,17.35891075
1718,17.5022292
1719,17.4981608
1720,17.4917948
1721,17.5163573
1722,17.433842
1723,17.515397
1724,17.4930841
1725,17.4308362
1726,16.449897
1727,16.449897
1728,17.4535469
1729,17.6788421
1730,17.515397
1731,17.4535469
1732,0.0
1733,17.3948624
1734,17.3775306
1735,17.4408578
1736,17.46565735
1737,16.449897
1738,17.4981608
1739,17.515397
1740,30.9210023
1741,17.4511764
1742,17.4408578
1743,17.4177464
1744,17.4798689
1745,17.451523
1746,17.4020587
1747,17.6788421
1748,17.50679
1749,29.9537495
1750,17.4892154
1751,17.4930841
1752,17.6788421
1753,17.3948624
1754,17.46565735
1755,65.0563891
1756,17.515397
1757,17.515397
1758,17.6788421
1759,18.0823869
1760,17.3775306
1761,17.5284576
1762,17.4510018
1763,12.8722856
1764,17.5284576
1765,17.50679
1766,17.4930841
1767,17.4930841
1768,17.5284576
1769,17.4522594
1770,17.4774828
1771,17.5410548
1772,17.4436222
1773,17.5022292
1774,17.39999505
1775,0.0
1776,31.4197963
1777,58.4804569
1778,17.4981608
1779,31.4197963
1780,17.515397
1781,16.449897
1782,17.3948624
1783,16.1952749
1784,17.3501617
1785,17.45121
1786,40.7076681
1787,17.5284576
1788,17.5284576
1789,0.0
1790,17.5163573
1791,17.4774828
1792,18.0018724
1793,17.451523
1794,17.4436222
1795,17.50679
1796,0.0
1797,17.46565735
1798,12.52720555
1799,18.2774674
1800,17.451523
1801,17.3948624
1802,17.5271759
1803,0.0
1804,0.0
1805,17.46565735
1806,17.5284576
1807,0.0
1808,17.4440199
1809,17.451523
1810,17.4057955
1811,17.515397
1812,17.6788421
1813,65.0563891
1814,17.5271759
1815,17.4285479
1816,17.4930841
1817,17.0671702
1818,17.4436222
1819,17.5410548
1820,17.4981608
1821,17.6788421
1822,17.5163573
1823,31.4197963
1824,17.4308362
1825,0.0
1826,17.515397
1827,17.4535469
1828,17.39560535
1829,17.6788421
1830,17.45121
1831,17.46565735
1832,17.5043618
1833,17.4258278
1834,17.3410061
1835,17.3948624
1836,22.1041221
1837,17.6788421
1838,17.39004015
1839,0.0
1840,22.1041221
1841,13.0400731
1842,17.39999505
1843,17.4930841
1844,17.4436222
1845,17.5022292
1846,17.0887885
1847,0.0
1848,17.515397
1849,17.541791
1850,17.6339929
1851,17.4405369
1852,17.6788421
1853,17.515397
1854,18.9898611
1855,17.515397
1856,17.4930841
1857,17.39999505
1858,17.3948624
1859,17.4408578
1860,17.4436222
1861,17.4872976
1862,17.46565735
1863,0.0
1864,17.4258278
1865,17.5271759
1866,17.46565735
1867,0.0
1868,17.39999505
1869,17.5284576
1870,17.4981608
1871,17.4668161
1872,17.515397
1873,17.5271759
1874,65.0563891
1875,17.4258278
1876,17.4981608
1877,12.52720555
1878,17.4177464
1879,17.6788421
1880,17.451523
1881,17.3506317
1882,17.4177464
1883,17.4522594
1884,17.515397
1885,6.4318831
1886,17.4308362
1887,17.6788421
1888,17.46565735
1889,16.449897
1890,16.090979400000002
1891,17.4408578
1892,17.39999505
1893,17.5284576
1894,25.6030053
1895,17.4522594
1896,28.6365482
1897,17.3926121
1898,17.515397
1899,16.449897
1900,17.3948624
1901,17.35891075
1902,17.3959752
1903,0.0
1904,17.4981608
1905,0.0
1906,65.0563891
1907,17.4308362
1908,17.4285479
1909,17.5410548
1910,0.0
1911,17.4522594
1912,17.6788421
1913,17.515397
1914,17.4436222
1915,17.4930841
1916,17.4436222
1917,17.6788421
1918,17.4177464
1919,17.515397
1920,0.0
1921,17.3948624
1922,17.6788421
1923,17.5271759
1924,17.4436222
1925,17.373017
1926,17.4408578
1927,17.6788421
1928,17.4981608
1929,17.3083337
1930,17.39999505
1931,17.515397
1932,17.4981608
1933,22.1041221
1934,17.4436222
1935,17.5022292
1936,17.4798689
1937,17.39004015
1938,17.451523
1939,17.3847673
1940,17.515397
1941,17.4930841
1942,17.4774828
1943,17.4308362
1944,17.4308362
1945,29.3547048
1946,17.4308362
