,longitude
0,78.1989617
1,79.2579675
2,78.3825785
3,78.5264064
4,78.4872869
5,78.4342514
6,78.3365214
7,80.8334595
8,78.003997
9,78.3825785
10,78.450754
11,78.3825785
12,78.4843146
13,78.34067239565113
14,79.6808767
15,78.2905401
16,78.3961144
17,79.6808767
18,78.3010473
19,78.3916289
20,0.0
21,78.3567628
22,78.3613099
23,78.3519638
24,78.3817156
25,78.3010473
26,78.3405519
27,0.0
28,78.4054408
29,78.5088584
30,78.003997
31,79.6808767
32,78.4200077
33,78.4102882
34,78.342306
35,78.3519638
36,78.3365214
37,78.3907531
38,-14.2412855
39,0.0
40,78.3825785
41,78.3322142
42,78.3365214
43,78.4399014
44,78.3961144
45,78.4054408
46,78.5020964
47,78.34067239565113
48,78.0692712
49,0.0
50,78.3613099
51,78.3010473
52,78.3567628
53,78.3365214
54,78.4006536
55,78.4399014
56,78.3567628
57,78.4446705
58,78.3825785
59,78.3825785
60,78.3365214
61,80.8334595
62,80.8334595
63,80.8334595
64,78.3405519
65,78.4149849
66,78.3405519
67,78.3817156
68,78.3963343
69,78.3635484
70,78.3861689281263
71,0.0
72,78.3365214
73,74.8415492
74,78.4624821
75,0.0
76,78.3825785
77,0.0
78,78.3547825
79,78.57154988099103
80,78.4467701
81,79.6808767
82,78.4206695
83,80.8334595
84,78.3961144
85,78.3817156
86,78.3519638
87,78.4624821
88,-78.6604105
89,78.3322142
90,78.3825785
91,78.4969683
92,78.4054408
93,78.5601231
94,78.4006536
95,78.3365214
96,78.3365214
97,78.3010473
98,0.0
99,79.6808767
100,78.5361528
101,79.6808767
102,78.4624821
103,78.0692712
104,78.5913259
105,0.0
106,0.0
107,79.6808767
108,78.6422235
109,78.34067239565113
110,78.3825785
111,78.4102882
112,79.6808767
113,78.4624821
114,78.4054408
115,78.3405519
116,0.0
117,78.4342514
118,78.49462050784989
119,78.5379433
120,83.9024571
121,78.393513
122,78.5088584
123,-14.2412855
124,79.6808767
125,78.3567628
126,78.20203630829475
127,78.568278
128,78.5368997
129,78.3567628
130,78.0692712
131,2.820229
132,79.6808767
133,78.3365214
134,78.0699201
135,78.3365214
136,80.8334595
137,78.3817156
138,78.3060359
139,79.6808767
140,78.3547825
141,78.3825785
142,78.3817156
143,78.4342514
144,78.5362644
145,78.34067239565113
146,78.5368997
147,78.4399014
148,78.3567628
149,78.2905401
150,78.4342514
151,78.4054408
152,78.3405519
153,78.4399014
154,78.3405519
155,78.4200077
156,80.8334595
157,80.8334595
158,79.6808767
159,78.3825785
160,78.3365214
161,78.3060359
162,0.0
163,78.5705066
164,78.4206695
165,78.5398739
166,78.514912
167,0.0
168,78.0692712
169,-14.2412855
170,78.4006536
171,80.8334595
172,79.94467369931576
173,78.3547825
174,78.3405519
175,-14.2412855
176,78.4102882
177,78.3519638
178,0.0
179,0.0
180,0.0
181,78.4054408
182,78.4054408
183,78.3961144
184,78.5329747
185,78.5601231
186,78.3010473
187,78.3567628
188,78.4652776
189,78.3519638
190,0.0
191,78.3567628
192,78.4054408
193,78.4054408
194,78.3635484
195,78.483456
196,78.3817156
197,78.4054408
198,78.3567628
199,78.3365214
200,0.0
201,78.516481175
202,2.820229
203,78.4200077
204,79.6808767
205,79.6808767
206,78.4102882
207,78.34067239565113
208,80.8334595
209,78.3519638
210,79.7955465
211,78.3519638
212,77.9793799
213,78.34067239565113
214,78.4200077
215,78.3817156
216,78.4585197
217,78.4624821
218,78.5601231
219,78.3365214
220,78.4585197
221,0.0
222,78.3825785
223,78.3825785
224,78.4054408
225,78.3519638
226,78.3547825
227,78.4054408
228,78.3825785
229,80.8334595
230,78.4102882
231,78.5088584
232,78.34067239565113
233,78.3961144
234,79.6808767
235,79.6808767
236,78.3567628
237,78.5120194
238,80.8334595
239,23.02073905062165
240,78.50851533497305
241,2.820229
242,78.2873322
243,78.3635484
244,79.6808767
245,78.4624821
246,78.307551458684
247,79.5391642
248,78.5362644
249,78.5368997
250,78.0692712
251,0.0
252,78.3060359
253,78.307551458684
254,78.34067239565113
255,78.0692712
256,78.4123478
257,78.483456
258,78.307551458684
259,78.3635484
260,78.4740613
261,79.7955465
262,78.3547825
263,78.3817156
264,78.4054408
265,79.6808767
266,79.7955465
267,78.3961144
268,77.6796806
269,78.3365214
270,78.3365214
271,77.9793799
272,78.3861689281263
273,78.3817156
274,78.2674254
275,78.3405519
276,78.4008412
277,79.6808767
278,78.3547825
279,78.4054408
280,78.0692712
281,78.4200077
282,78.3861689281263
283,78.5088584
284,78.4054408
285,79.6808767
286,80.8334595
287,78.4054408
288,-112.2819337
289,79.6808767
290,78.3547825
291,78.3861689281263
292,78.5510938
293,78.3547825
294,78.4342514
295,78.3717906
296,78.3519638
297,78.4624821
298,78.5398739
299,80.8334595
300,0.0
301,78.5368997
302,78.4399014
303,74.8415492
304,78.0692712
305,78.3010473
306,78.3825785
307,77.9793799
308,78.0692712
309,80.8334595
310,0.0
311,78.4624821
312,78.375176
313,0.0
314,78.5088584
315,80.8334595
316,78.30112472247902
317,0.0
318,0.0
319,78.3405519
320,78.3365214
321,78.2905401
322,78.3861689281263
323,78.3365214
324,78.34067239565113
325,78.4399014
326,78.3365214
327,78.5788551
328,0.0
329,78.50557
330,78.3567628
331,73.077714
332,78.4054408
333,78.4792282
334,80.8334595
335,78.3817156
336,78.3060359
337,79.6808767
338,0.0
339,78.3547825
340,73.077714
341,78.3547825
342,78.5491621
343,78.3961144
344,78.4399014
345,78.5368997
346,78.5014979
347,79.6808767
348,78.34067239565113
349,79.6808767
350,78.3916289
351,78.2905401
352,78.0692712
353,78.3519638
354,78.5788551
355,78.34067239565113
356,78.3635484
357,78.3817156
358,0.0
359,79.7955465
360,78.5020964
361,78.3861689281263
362,78.521552
363,78.5601231
364,78.4054408
365,78.3405519
366,78.3817156
367,78.4054408
368,78.3825785
369,77.6796806
370,78.4200077
371,78.3635484
372,78.3817156
373,78.5379433
374,80.8334595
375,0.0
376,78.30112472247902
377,78.0692712
378,78.4585197
379,78.450754
380,78.3010473
381,78.2674254
382,78.375176
383,78.3817156
384,77.9793799
385,78.4054408
386,78.4200077
387,79.6808767
388,78.3854201
389,78.4200077
390,78.5368997
391,78.50557
392,-112.2819337
393,78.3817156
394,80.8334595
395,2.820229
396,78.3916289
397,0.0
398,78.5509653
399,78.3635484
400,78.3567628
401,79.6808767
402,0.0
403,78.34067239565113
404,78.4446705
405,78.2905401
406,78.3825785
407,79.6808767
408,79.7955465
409,79.6808767
410,78.34067239565113
411,78.3817156
412,78.342306
413,78.2905401
414,78.4054408
415,78.5913259
416,-14.2412855
417,78.0285618
418,79.6808767
419,79.6808767
420,78.4054408
421,78.5117854
422,80.8334595
423,78.4054408
424,80.8334595
425,79.94467369931576
426,78.3519638
427,78.4467701
428,78.4054408
429,78.4054408
430,78.30112472247902
431,78.3961144
432,78.3916289
433,78.4102882
434,78.47886991516444
435,78.5379433
436,78.3825785
437,78.4206695
438,2.820229
439,78.4054408
440,73.077714
441,78.003997
442,78.342306
443,78.3961144
444,78.3861689281263
445,0.0
446,78.4944313
447,78.3961144
448,78.3635484
449,-71.6118577
450,78.20203630829475
451,78.5510938
452,78.3365214
453,78.3010473
454,79.6808767
455,78.5088584
456,78.3519638
457,78.49462050784989
458,78.5088584
459,78.3907531
460,78.4054408
461,78.4102882
462,78.3635484
463,0.0
464,78.4149849
465,0.0
466,78.3635484
467,78.4885006
468,75.8346029
469,78.4200077
470,78.3861689281263
471,0.0
472,78.5601231
473,78.3322142
474,78.3405519
475,79.6808767
476,80.8334595
477,78.0692712
478,78.3861689281263
479,-78.6604105
480,78.4054408
481,78.4399014
482,78.516481175
483,78.4054408
484,78.3817156
485,78.5355319
486,78.2674254
487,78.3365214
488,77.2137253
489,79.94467369931576
490,78.3519638
491,78.5020964
492,78.4399014
493,78.5424889
494,78.3825785
495,78.0692712
496,78.3825785
497,79.6808767
498,0.0
499,78.3817156
500,79.6808767
501,78.4102882
502,78.5361528
503,78.003997
504,78.50557
505,78.4102882
506,73.077714
507,78.4399014
508,78.3825785
509,78.3010473
510,78.3861689281263
511,78.5088584
512,78.3567628
513,78.450754
514,78.3519638
515,78.5368997
516,79.6808767
517,78.4102882
518,78.0692712
519,78.2873322
520,2.820229
521,78.0692712
522,78.5417093
523,78.2873322
524,78.4054408
525,78.5362644
526,78.5913259
527,78.4624821
528,78.4054408
529,78.34067239565113
530,78.3861689281263
531,78.5088584
532,78.5592161
533,78.4399014
534,78.4850003
535,78.0692712
536,78.4102882
537,78.34067239565113
538,78.4054408
539,78.3817156
540,78.4054408
541,78.5407976
542,78.0692712
543,78.3567628
544,78.3961144
545,0.0
546,78.3825785
547,80.8334595
548,78.3825785
549,78.3519638
550,78.3635484
551,79.7955465
552,78.5368997
553,78.4054408
554,78.3405519
555,78.4399014
556,78.5020964
557,78.3010473
558,78.3519638
559,78.3519638
560,78.3907531
561,78.49462050784989
562,78.34067239565113
563,80.8334595
564,78.3861689281263
565,2.820229
566,78.4200077
567,78.4054408
568,78.3405519
569,78.4446705
570,78.4624821
571,78.3567628
572,78.3519638
573,79.6808767
574,78.4054408
575,-14.2412855
576,78.3907531
577,78.3060359
578,78.3961144
579,78.3010473
580,78.6913193
581,78.3961144
582,79.6808767
583,0.0
584,78.3832774
585,78.3547825
586,78.3961144
587,78.4399014
588,78.4054408
589,78.5361528
590,78.4626659
591,78.0692712
592,80.8334595
593,85.1623397
594,78.3519638
595,78.4200077
596,78.3010473
597,78.5424889
598,78.0692712
599,0.0
600,80.8334595
601,78.3963343
602,79.6808767
603,79.6808767
604,2.820229
605,78.4054408
606,0.0
607,78.4054408
608,78.49462050784989
609,78.4102882
610,78.3825785
611,78.5362644
612,78.3907531
613,77.9793799
614,78.3861689281263
615,0.0
616,78.3405519
617,79.6808767
618,78.3907531
619,78.34067239565113
620,78.4054408
621,78.4399014
622,78.3961144
623,77.9793799
624,78.4952967
625,78.3547825
626,78.3817156
627,78.4054408
628,78.342306
629,78.5509653
630,78.3567628
631,78.4200077
632,78.3635484
633,78.3861689281263
634,78.2873322
635,79.2579675
636,78.3567628
637,78.3676991
638,77.9793799
639,78.3861689281263
640,78.34067239565113
641,78.003997
642,78.5107535
643,77.1424288
644,78.3519638
645,78.2905401
646,78.3010473
647,78.4200077
648,78.4054408
649,78.5154568
650,79.6808767
651,2.820229
652,-78.6604105
653,78.3861689281263
654,78.5827841
655,78.4054408
656,78.5788551
657,0.0
658,78.3405519
659,0.0
660,78.5088584
661,78.3817156
662,78.4054408
663,78.3567628
664,79.6808767
665,78.4054408
666,78.3322142
667,80.8334595
668,80.8334595
669,80.8334595
670,0.0
671,78.3365214
672,78.3926988
673,78.3519638
674,78.3519638
675,78.5592161
676,78.3365214
677,78.3825785
678,78.2674254
679,78.4200077
680,78.3567628
681,79.2579675
682,78.3825785
683,78.4102882
684,79.6808767
685,78.3961144
686,79.94467369931576
687,78.4054408
688,78.2873322
689,78.4206695
690,79.6808767
691,78.5184463
692,78.4054408
693,0.0
694,78.5368997
695,78.4850003
696,2.820229
697,78.4446705
698,0.0
699,78.2674254
700,78.4054408
701,0.0
702,78.3567628
703,78.4200077
704,78.4054408
705,78.3825785
706,80.8334595
707,78.0692712
708,78.3060359
709,78.3825785
710,78.5788551
711,0.0
712,78.3567628
713,78.4054408
714,77.9793799
715,78.3567628
716,78.3365214
717,78.50557
718,0.0
719,78.3519638
720,78.4624821
721,78.0692712
722,78.4331609
723,80.8334595
724,77.9793799
725,78.3817156
726,79.6808767
727,78.3817156
728,79.2579675
729,78.3152597
730,78.50851533497305
731,78.3911166
732,78.0692712
733,78.4399014
734,78.4399014
735,79.6808767
736,78.4342514
737,0.0
738,78.3825785
739,78.5788551
740,78.3547825
741,78.3365214
742,78.3817156
743,78.5601231
744,80.8334595
745,79.6808767
746,78.3854201
747,78.4776447
748,78.4054408
749,78.3817156
750,0.0
751,78.3519638
752,78.3567628
753,79.6808767
754,2.820229
755,-78.6604105
756,78.3916289
757,76.83632811755979
758,78.4008412
759,78.3365214
760,78.5601231
761,78.3010473
762,78.3567628
763,78.3405519
764,74.8415492
765,78.3861689281263
766,78.3961144
767,78.3961144
768,2.820229
769,78.3567628
770,78.3817156
771,78.0692712
772,23.4555283
773,78.5362644
774,79.6808767
775,78.3567628
776,78.3547825
777,0.0
778,79.6808767
779,78.2905401
780,78.4054408
781,78.3519638
782,78.4054408
783,-14.2412855
784,-78.6604105
785,0.0
786,78.4792282
787,78.4054408
788,78.3567628
789,78.3817156
790,78.5379433
791,79.6808767
792,78.5827841
793,78.5362644
794,78.3825785
795,0.0
796,79.6808767
797,78.3567628
798,78.3916289
799,78.34067239565113
800,-74.009271
801,78.52413306848177
802,78.5827841
803,-14.2412855
804,-14.2412855
805,0.0
806,0.0
807,80.8334595
808,78.4054408
809,78.6465257
810,79.6808767
811,78.3916289
812,78.4006536
813,78.2905401
814,78.2674254
815,78.2873322
816,78.4054408
817,78.3405519
818,78.5117854
819,78.34067239565113
820,78.5154568
821,78.4969683
822,78.4446705
823,78.3825785
824,79.6808767
825,0.0
826,78.0692712
827,78.3010473
828,78.3861689281263
829,77.9898759
830,78.2905401
831,0.0
832,78.5827841
833,78.36589
834,78.0692712
835,80.8334595
836,78.4054408
837,78.4399014
838,78.5020964
839,78.4585197
840,78.5117854
841,77.6796806
842,0.0
843,78.3861689281263
844,78.5123242
845,73.077714
846,78.4054408
847,73.077714
848,78.34067239565113
849,78.3519638
850,80.8334595
851,79.6808767
852,78.4054408
853,78.0692712
854,78.3010473
855,78.3567628
856,78.3825785
857,78.3519638
858,78.3567628
859,80.8334595
860,78.5092275
861,78.3961144
862,78.3405519
863,78.3547825
864,78.514912
865,78.4054408
866,78.3968876
867,78.4054408
868,78.50851533497305
869,78.3322142
870,78.3519638
871,0.0
872,79.6808767
873,78.4206695
874,73.077714
875,78.3817156
876,78.2905401
877,78.4054408
878,79.6808767
879,78.3916289
880,78.4792282
881,78.3322142
882,78.342306
883,80.8334595
884,78.3010473
885,78.3365214
886,78.3567628
887,2.820229
888,82.60728148676125
889,78.003997
890,79.6808767
891,78.34067239565113
892,79.7955465
893,2.820229
894,78.30112472247902
895,78.4008412
896,78.5368997
897,78.3961144
898,78.3635484
899,78.3060359
900,80.8334595
901,80.8334595
902,78.0692712
903,78.3519638
904,78.49462050784989
905,78.3365214
906,78.3817156
907,78.3547825
908,79.6808767
909,78.4467701
910,0.0
911,78.3825785
912,78.0692712
913,78.3961144
914,0.0
915,78.2641339
916,78.3817156
917,78.4054408
918,78.3817156
919,78.4006536
920,78.3963343
921,78.3817156
922,78.3961144
923,78.4399014
924,78.4446705
925,80.8334595
926,78.3010473
927,78.5424889
928,0.0
929,80.2159247
930,77.9793799
931,0.0
932,-80.18751347019423
933,78.4054408
934,78.5510938
935,78.55457541460385
936,78.4200077
937,78.3547825
938,78.4006536
939,0.0
940,78.3365214
941,78.4054408
942,78.5726444
943,78.3010473
944,78.4054408
945,78.3916289
946,78.3322142
947,78.4006536
948,78.3060359
949,78.3365214
950,78.34067239565113
951,79.94467369931576
952,78.2905401
953,78.3961144
954,78.3825785
955,78.3547825
956,78.4054408
957,78.0692712
958,78.4833886
959,78.003997
960,77.6796806
961,0.0
962,78.48373166329485
963,2.820229
964,78.4792282
965,78.3519638
966,78.4200077
967,0.0
968,73.077714
969,78.4102882
970,78.3825785
971,78.3861689281263
972,0.0
973,79.6808767
974,78.5107535
975,78.3547825
976,79.6808767
977,78.3365214
978,73.077714
979,78.3791238
980,78.3567628
981,80.8334595
982,78.4102882
983,78.3567628
984,78.3405519
985,79.6808767
986,2.820229
987,78.4624821
988,2.820229
989,80.8334595
990,78.3817156
991,78.3405519
992,78.3365214
993,80.8334595
994,79.6808767
995,78.3322142
996,78.3861689281263
997,78.3365214
998,2.820229
999,78.4054408
1000,0.0
1001,78.4102882
1002,2.820229
1003,78.4399014
1004,0.0
1005,80.8334595
1006,78.2905401
1007,78.3060359
1008,78.4342514
1009,78.4200077
1010,78.3861689281263
1011,80.8334595
1012,80.8334595
1013,78.3817156
1014,73.077714
1015,78.3635484
1016,0.0
1017,80.8334595
1018,78.3817156
1019,78.4054408
1020,78.3961144
1021,78.3916289
1022,78.3519638
1023,78.3916289
1024,78.2905401
1025,78.0692712
1026,78.3567628
1027,78.3365214
1028,78.0699201
1029,78.3519638
1030,77.6796806
1031,78.3817156
1032,79.1322648
1033,78.3825785
1034,78.003997
1035,78.3961144
1036,79.6808767
1037,79.6808767
1038,78.5509653
1039,78.3519638
1040,78.30112472247902
1041,79.7955465
1042,78.3961144
1043,78.2674254
1044,78.3567628
1045,80.2159247
1046,78.3060359
1047,78.3405519
1048,78.4446705
1049,78.5088584
1050,78.3817156
1051,78.3961144
1052,78.3060359
1053,79.6808767
1054,-78.6604105
1055,78.3817156
1056,78.3547825
1057,78.3567628
1058,78.4102882
1059,78.5417093
1060,80.8334595
1061,78.4054408
1062,78.5379433
1063,77.0071312
1064,78.3365214
1065,78.3817156
1066,78.2045948
1067,78.375176
1068,78.4006536
1069,2.820229
1070,78.4102882
1071,78.4200077
1072,78.3519638
1073,79.7955465
1074,79.6808767
1075,80.8334595
1076,78.4446705
1077,80.2159247
1078,78.5601231
1079,78.3010473
1080,78.34067239565113
1081,78.2905401
1082,78.3916289
1083,78.307551458684
1084,78.3322142
1085,78.4054408
1086,80.8334595
1087,80.8334595
1088,78.5705066
1089,78.3405519
1090,78.3567628
1091,78.4006536
1092,80.8334595
1093,78.5426918
1094,77.9793799
1095,78.0692712
1096,0.0
1097,78.3519638
1098,79.6808767
1099,78.4054408
1100,78.3817156
1101,79.6808767
1102,78.34067239565113
1103,0.0
1104,78.0692712
1105,78.4054408
1106,78.4200077
1107,78.34067239565113
1108,78.3817156
1109,78.3365214
1110,78.3365214
1111,0.0
1112,78.5014979
1113,78.2905401
1114,78.2674254
1115,78.3861689281263
1116,78.49462050784989
1117,78.3916289
1118,0.0
1119,78.5107535
1120,2.820229
1121,78.4624821
1122,78.4054408
1123,78.2873322
1124,79.2579675
1125,73.077714
1126,79.6808767
1127,78.3010473
1128,78.5088584
1129,78.4054408
1130,78.4054408
1131,79.6808767
1132,78.55457541460385
1133,78.003997
1134,78.3861689281263
1135,78.3825785
1136,78.3547825
1137,78.4399014
1138,78.50557
1139,78.3519638
1140,78.4102882
1141,80.8334595
1142,78.4054408
1143,78.3405519
1144,-80.18751347019423
1145,77.9793799
1146,78.4054408
1147,78.2873322
1148,-112.2819337
1149,77.0898276
1150,78.3010473
1151,78.3907531
1152,0.0
1153,78.3060359
1154,78.5424889
1155,78.3916289
1156,78.3961144
1157,78.3060359
1158,2.820229
1159,78.5368997
1160,78.0692712
1161,78.5510938
1162,78.3365214
1163,78.3817156
1164,78.3635484
1165,78.55810936158971
1166,78.3916289
1167,2.820229
1168,80.8334595
1169,78.3010473
1170,78.5788551
1171,78.5424889
1172,0.0
1173,78.3825785
1174,78.483456
1175,78.5368997
1176,78.49462050784989
1177,80.8334595
1178,78.3547825
1179,78.3405519
1180,78.3010473
1181,78.3817156
1182,80.2159247
1183,78.4331609
1184,78.3567628
1185,2.820229
1186,78.3322142
1187,78.3817156
1188,79.6808767
1189,78.4054408
1190,78.3365214
1191,78.2873322
1192,78.3907531
1193,78.3817156
1194,78.4399014
1195,78.3861689281263
1196,80.8334595
1197,78.3825785
1198,78.34067239565113
1199,78.5379433
1200,78.1978941
1201,2.820229
1202,0.0
1203,78.4054408
1204,78.3968876
1205,78.5088584
1206,78.3961341
1207,78.5154568
1208,78.49462050784989
1209,78.5601231
1210,78.4054408
1211,73.077714
1212,74.8415492
1213,78.4054408
1214,78.4054408
1215,78.3010473
1216,78.0692712
1217,78.3010473
1218,79.6808767
1219,78.2905401
1220,80.8334595
1221,78.7410344
1222,78.3405519
1223,78.5509653
1224,78.2905401
1225,78.5107535
1226,78.3635484
1227,78.3547825
1228,79.6808767
1229,78.3519638
1230,78.3519638
1231,78.4105031
1232,78.3907531
1233,78.4200077
1234,78.4054408
1235,0.0
1236,78.4054408
1237,78.3825785
1238,78.4054408
1239,78.5788551
1240,80.8334595
1241,78.4105031
1242,78.3961144
1243,78.5360054
1244,78.3861689281263
1245,2.820229
1246,0.0
1247,79.6808767
1248,79.6808767
1249,78.4054408
1250,79.7955465
1251,78.5510938
1252,78.3365214
1253,78.3961144
1254,78.5020964
1255,78.3861689281263
1256,78.3961144
1257,78.003997
1258,78.3961144
1259,78.4446705
1260,78.3405519
1261,-80.18751347019423
1262,-78.6604105
1263,78.3907531
1264,78.5107535
1265,78.3817156
1266,78.5362644
1267,75.7785503
1268,0.0
1269,78.3365214
1270,78.5020964
1271,78.34067239565113
1272,78.3635484
1273,2.820229
1274,78.5407976
1275,78.2905401
1276,78.4054408
1277,80.2159247
1278,78.4102882
1279,-78.6604105
1280,78.3817156
1281,78.4399014
1282,78.5117854
1283,78.3963343
1284,78.3817156
1285,78.5407976
1286,78.5705066
1287,2.820229
1288,78.3861689281263
1289,78.4054408
1290,78.5426918
1291,78.3567628
1292,79.6808767
1293,78.5117854
1294,80.8334595
1295,78.4200077
1296,78.4446705
1297,78.3405519
1298,78.3519638
1299,78.3916289
1300,78.3817156
1301,78.3861689281263
1302,78.3405519
1303,78.5510938
1304,78.4585197
1305,78.3961144
1306,0.0
1307,78.0692712
1308,78.4342514
1309,78.4054408
1310,77.6796806
1311,78.3567628
1312,78.4399014
1313,79.6808767
1314,78.3825785
1315,78.5154568
1316,78.3916289
1317,78.3405519
1318,78.4054408
1319,78.3010473
1320,78.3405519
1321,78.2905401
1322,78.4008412
1323,78.4399014
1324,78.3547825
1325,78.5020964
1326,78.3817156
1327,78.4054408
1328,78.3817156
1329,78.5107535
1330,78.5788551
1331,78.3825785
1332,78.3861689281263
1333,78.5107535
1334,78.342306
1335,2.820229
1336,79.6808767
1337,78.5510938
1338,78.5426918
1339,78.3519638
1340,79.7955465
1341,78.003997
1342,2.820229
1343,78.3365214
1344,80.8334595
1345,78.5368997
1346,0.0
1347,75.8346029
1348,0.0
1349,78.3817156
1350,78.3547825
1351,78.3519638
1352,78.3916289
1353,78.4200077
1354,0.0
1355,78.3916289
1356,78.4054408
1357,78.5827841
1358,78.3060359
1359,78.3060359
1360,78.4054408
1361,78.5788551
1362,78.3519638
1363,78.2674254
1364,78.3519638
1365,78.5601231
1366,78.3519638
1367,78.5088584
1368,78.2905401
1369,0.0
1370,80.8334595
1371,78.3365214
1372,78.342306
1373,78.0692712
1374,79.4425142
1375,78.2905401
1376,78.3567628
1377,78.4585197
1378,0.0
1379,78.4102882
1380,78.4054408
1381,78.3817156
1382,78.4200077
1383,0.0
1384,78.3861689281263
1385,78.3817156
1386,80.8334595
1387,85.1625093
1388,78.3519638
1389,78.4054408
1390,73.077714
1391,0.0
1392,78.5020964
1393,2.820229
1394,79.6808767
1395,78.4054408
1396,78.5426918
1397,78.5368997
1398,78.3365214
1399,2.820229
1400,78.5088584
1401,0.0
1402,78.3567628
1403,78.4200077
1404,78.3519638
1405,78.3547825
1406,78.5361528
1407,78.3567628
1408,80.8334595
1409,78.3060359
1410,78.3825785
1411,80.8334595
1412,78.0692712
1413,78.5424889
1414,78.3953281
1415,78.4054408
1416,78.34067239565113
1417,78.3825785
1418,73.077714
1419,78.568278
1420,78.3010473
1421,80.8334595
1422,78.228015
1423,0.0
1424,78.3322142
1425,79.6808767
1426,78.4624821
1427,78.5379433
1428,78.2045948
1429,78.4200077
1430,80.8334595
1431,-78.6604105
1432,2.820229
1433,78.5014979
1434,2.820229
1435,78.3365214
1436,78.3825785
1437,78.3961144
1438,78.3817156
1439,78.5107535
1440,78.4850003
1441,78.5788551
1442,78.3825785
1443,78.4054408
1444,2.820229
1445,78.5107535
1446,78.3010473
1447,78.5788551
1448,79.7955465
1449,78.5510938
1450,78.3825785
1451,0.0
1452,78.3861689281263
1453,78.2674254
1454,78.5362644
1455,78.3405519
1456,78.3961144
1457,79.7955465
1458,77.9793799
1459,75.8346029
1460,78.3931943
1461,78.2873322
1462,78.4399014
1463,80.8334595
1464,78.5361528
1465,-14.2412855
1466,78.5510938
1467,79.6808767
1468,78.3010473
1469,78.3547825
1470,78.5652906
1471,74.8415492
1472,78.3405519
1473,80.2159247
1474,78.003997
1475,78.4399014
1476,78.3817156
1477,78.3567628
1478,78.3817156
1479,78.4102882
1480,78.4792282
1481,2.820229
1482,78.483456
1483,78.3567628
1484,78.3519638
1485,78.3817156
1486,78.3825785
1487,78.5107535
1488,78.3817156
1489,0.0
1490,78.3825785
1491,0.0
1492,0.0
1493,78.3567628
1494,78.5788551
1495,78.3567628
1496,-14.2412855
1497,78.3567628
1498,78.2905401
1499,78.3519638
1500,78.3060359
1501,-14.2412855
1502,78.3405519
1503,78.3825785
1504,78.3010473
1505,78.5368997
1506,0.0
1507,78.3519638
1508,78.0692712
1509,79.6808767
1510,77.4131138
1511,78.3519638
1512,78.3635484
1513,78.4200077
1514,78.3547825
1515,78.0692712
1516,78.4054408
1517,78.4118051
1518,0.0
1519,78.5426918
1520,0.0
1521,79.6808767
1522,78.4054408
1523,78.5329747
1524,78.5123242
1525,78.4460585
1526,78.3961144
1527,79.6808767
1528,78.3547825
1529,80.8334595
1530,78.4399014
1531,78.3010473
1532,78.5368997
1533,0.0
1534,78.4446705
1535,78.3519638
1536,78.0692712
1537,78.4200077
1538,78.4850003
1539,78.0692712
1540,78.2873322
1541,78.3717906
1542,78.0692712
1543,80.8334595
1544,78.3547825
1545,78.4054408
1546,78.2674254
1547,78.5020964
1548,78.3519638
1549,78.4006536
1550,78.4006536
1551,78.3365214
1552,78.3547825
1553,79.6808767
1554,78.4054408
1555,78.4054408
1556,80.8334595
1557,73.077714
1558,78.4843146
1559,78.5368997
1560,78.4054408
1561,79.7955465
1562,78.3567628
1563,78.3968876
1564,78.3567628
1565,78.3817156
1566,78.3766754
1567,78.3961144
1568,78.3817156
1569,78.4206695
1570,78.3567628
1571,80.8334595
1572,78.3817156
1573,78.6553441
1574,78.5788551
1575,78.34067239565113
1576,-78.6604105
1577,78.4054408
1578,78.2905401
1579,78.3519638
1580,0.0
1581,78.0009341
1582,78.307551458684
1583,78.4102882
1584,78.3825785
1585,78.3861689281263
1586,78.5601231
1587,78.3961144
1588,78.3060359
1589,78.4054408
1590,78.3961144
1591,78.5379433
1592,73.077714
1593,78.4054408
1594,0.0
1595,78.3365214
1596,78.3547825
1597,78.3817156
1598,78.3405519
1599,78.5726444
1600,78.2905401
1601,0.0
1602,79.6808767
1603,0.0
1604,78.3567628
1605,78.4585197
1606,78.4200077
1607,0.0
1608,78.4102882
1609,79.6808767
1610,78.3635484
1611,78.3322142
1612,78.3365214
1613,78.3817156
1614,78.2905401
1615,78.3567628
1616,78.3825785
1617,80.8334595
1618,78.342306
1619,0.0
1620,79.6808767
1621,78.3817156
1622,78.5107535
1623,78.3916289
1624,80.8334595
1625,78.0692712
1626,78.3519638
1627,78.3365214
1628,78.4342514
1629,78.4054408
1630,78.3060359
1631,79.6808767
1632,78.3817156
1633,78.4200077
1634,78.49462050784989
1635,78.5088584
1636,79.6808767
1637,78.3861689281263
1638,79.6808767
1639,78.4054408
1640,0.0
1641,78.3961144
1642,78.4054408
1643,80.8334595
1644,78.4054408
1645,80.8334595
1646,78.4054408
1647,78.3825785
1648,78.3365214
1649,78.4054408
1650,78.4102882
1651,78.5020964
1652,79.6808767
1653,79.6808767
1654,78.3817156
1655,0.0
1656,78.3519638
1657,0.0
1658,79.6808767
1659,78.3961144
1660,78.3547825
1661,78.5726444
1662,78.3365214
1663,79.6808767
1664,78.3817156
1665,78.3825785
1666,78.4399014
1667,80.8334595
1668,78.4206695
1669,78.3060359
1670,0.0
1671,78.3519638
1672,78.3519638
1673,78.4399014
1674,78.3825785
1675,79.6808767
1676,78.4054408
1677,77.6796806
1678,0.0
1679,78.3961144
1680,0.0
1681,0.0
1682,78.0692712
1683,78.3635484
1684,0.0
1685,78.4054408
1686,78.30112472247902
1687,78.5407976
1688,78.003997
1689,78.3519638
1690,79.6808767
1691,78.1307931
1692,78.4054408
1693,78.2873322
1694,78.5424889
1695,78.55457541460385
1696,78.3968876
1697,78.5601231
1698,78.3817156
1699,0.0
1700,78.3916289
1701,78.3567628
1702,78.4399014
1703,78.4054408
1704,78.5253821
1705,79.6808767
1706,78.4102882
1707,78.2873322
1708,78.3405519
1709,80.8334595
1710,78.5117854
1711,78.5424889
1712,78.3961144
1713,78.5827841
1714,78.3547825
1715,78.3405519
1716,78.5510938
1717,78.55457541460385
1718,78.5088584
1719,78.3567628
1720,78.342306
1721,78.3010473
1722,78.50204406996613
1723,78.3817156
1724,78.4054408
1725,78.4102882
1726,80.8334595
1727,80.8334595
1728,78.2905401
1729,79.6808767
1730,78.3817156
1731,78.2905401
1732,0.0
1733,78.3365214
1734,78.5601231
1735,78.3916289
1736,78.34067239565113
1737,80.8334595
1738,78.3567628
1739,78.3817156
1740,75.8346029
1741,78.5368997
1742,78.3916289
1743,78.4399014
1744,78.5509653
1745,78.3825785
1746,78.4985239
1747,79.6808767
1748,78.3961144
1749,77.0898276
1750,78.5424889
1751,78.4054408
1752,79.6808767
1753,78.3365214
1754,78.34067239565113
1755,-14.2412855
1756,78.3817156
1757,78.3817156
1758,79.6808767
1759,78.003997
1760,78.5601231
1761,78.3547825
1762,78.4988955
1763,74.8415492
1764,78.3547825
1765,78.3961144
1766,78.4054408
1767,78.4054408
1768,78.3547825
1769,78.4446705
1770,78.3060359
1771,78.3635484
1772,78.3519638
1773,78.5088584
1774,78.3861689281263
1775,0.0
1776,73.077714
1777,23.02073905062165
1778,78.3567628
1779,73.077714
1780,78.3817156
1781,80.8334595
1782,78.3365214
1783,78.0009341
1784,78.5510938
1785,78.5020964
1786,-74.009271
1787,78.3547825
1788,78.3547825
1789,0.0
1790,78.3010473
1791,78.3060359
1792,78.2873322
1793,78.3825785
1794,78.3519638
1795,78.3961144
1796,0.0
1797,78.34067239565113
1798,78.20203630829475
1799,80.65068852279681
1800,78.3825785
1801,78.3365214
1802,78.4200077
1803,0.0
1804,0.0
1805,78.34067239565113
1806,78.3547825
1807,0.0
1808,78.4624821
1809,78.3825785
1810,78.4006536
1811,78.3817156
1812,79.6808767
1813,-14.2412855
1814,78.4200077
1815,78.5379433
1816,78.4054408
1817,78.2045948
1818,78.3519638
1819,78.3635484
1820,78.3567628
1821,79.6808767
1822,78.3010473
1823,73.077714
1824,78.4102882
1825,0.0
1826,78.3817156
1827,78.2905401
1828,78.39692303808157
1829,79.6808767
1830,78.5020964
1831,78.34067239565113
1832,78.4149849
1833,78.3405519
1834,78.5329747
1835,78.3365214
1836,-78.6604105
1837,79.6808767
1838,78.49462050784989
1839,0.0
1840,-78.6604105
1841,80.2159247
1842,78.3861689281263
1843,78.4054408
1844,78.3519638
1845,78.5088584
1846,77.4131138
1847,0.0
1848,78.3817156
1849,78.228015
1850,78.4843146
1851,78.5788551
1852,79.6808767
1853,78.3817156
1854,79.7955465
1855,78.3817156
1856,78.4054408
1857,78.3861689281263
1858,78.3365214
1859,78.3916289
1860,78.3519638
1861,78.3322142
1862,78.34067239565113
1863,0.0
1864,78.3405519
1865,78.4200077
1866,78.34067239565113
1867,0.0
1868,78.3861689281263
1869,78.3547825
1870,78.3567628
1871,78.5592161
1872,78.3817156
1873,78.4200077
1874,-14.2412855
1875,78.3405519
1876,78.3567628
1877,78.20203630829475
1878,78.4399014
1879,79.6808767
1880,78.3825785
1881,78.3907531
1882,78.4399014
1883,78.4446705
1884,78.3817156
1885,2.820229
1886,78.4102882
1887,79.6808767
1888,78.34067239565113
1889,80.8334595
1890,78.8656307623982
1891,78.3916289
1892,78.3861689281263
1893,78.3547825
1894,85.1623397
1895,78.4446705
1896,77.0964961
1897,78.4969683
1898,78.3817156
1899,80.8334595
1900,78.3365214
1901,78.55457541460385
1902,78.5092275
1903,0.0
1904,78.3567628
1905,0.0
1906,-14.2412855
1907,78.4102882
1908,78.5379433
1909,78.3635484
1910,0.0
1911,78.4446705
1912,79.6808767
1913,78.3817156
1914,78.3519638
1915,78.4054408
1916,78.3519638
1917,79.6808767
1918,78.4399014
1919,78.3817156
1920,0.0
1921,78.3365214
1922,79.6808767
1923,78.4200077
1924,78.3519638
1925,78.5362644
1926,78.3916289
1927,79.6808767
1928,78.3567628
1929,78.5330493
1930,78.3861689281263
1931,78.3817156
1932,78.3567628
1933,-78.6604105
1934,78.3519638
1935,78.5088584
1936,78.5509653
1937,78.49462050784989
1938,78.3825785
1939,77.9793799
1940,78.3817156
1941,78.4054408
1942,78.3060359
1943,78.4102882
1944,78.4102882
1945,79.94467369931576
1946,78.4102882
